Loc ID,Route,BMP,Start,EMP,End,K Factor %,D Factor %,T Factor %,AADT_1-AADT 2020,AADT 2020,AADT_2-AADT 2040,AADT 2040,Validity
100004,I 8,3.98,Exit 3 SR 280 / Avenue 3E,7.6,Exit 7 Araby Rd,4,56,17.80779605872784,48563.0,48563.0,20000.0,20000.0,Bad
100005,I 8,7.6,Exit 7 Araby Rd,9.4,Exit 9 SB 8 (1) / Avenue 8 1/2 E - East of Yuma,4,52,13.800174520069808,45840.0,45840.0,20000.0,20000.0,Bad
100011,I 8,37.96,Exit 37 Avenue 36E / Roll Rd,42.08,Exit 42 Avenue 40E - Tacna,8,55,24.891808346213292,12940.0,12940.0,100.0,100.0,Bad
100140,I 10,240.46,Exit 240 Tangerine Rd,242.96,Exit 242 Avra Valley Rd,7,50,14.931191652133133,68233.0,68233.0,2350.0,2350.0,Bad
100392,I 17,218.02,Happy Valley Rd.,218.91,Jomax Rd,8,56,9.72278908788141,122506.0,122506.0,4578.0,4578.0,Bad
